Model,Fold,ROC-AUC,PR-AUC,Accuracy,Precision,Recall,F1,Fit Time Seconds,Scoring Time Seconds,Training Rows,Validation Rows,Training End Date,Validation Start Date,Validation End Date
Logistic Regression,1,0.8337185778444851,0.7550426522787329,0.7453024984513731,0.64265850945495,0.6616089321500143,0.6519960502186486,1.8995572000276297,0.097209999919869,47392,9686,2016-02-23,2016-02-24,2016-04-16
Logistic Regression,2,0.8432643190187987,0.7389106310256693,0.7563970284770946,0.6759898292771522,0.5588588588588589,0.6118691435147131,2.1662187000038102,0.06979079998563975,57078,9692,2016-04-16,2016-04-17,2016-07-05
Logistic Regression,3,0.8061383058540423,0.7115789052655473,0.7342753931151721,0.7146182495344506,0.44843704352906805,0.5510680308741698,2.8110601999796927,0.10215779999271035,66770,9412,2016-07-05,2016-07-06,2016-09-19
Logistic Regression,4,0.8066081182691017,0.663143024292134,0.7558189194960495,0.6628948609146629,0.47212894560107455,0.5514806824867621,3.4912503000814468,0.10973630007356405,76182,9366,2016-09-19,2016-09-20,2016-11-20
Logistic Regression,5,0.8914970202566207,0.8866264861734999,0.8058459352481477,0.8040575243965075,0.7313711749591217,0.7659938837920489,3.496836799895391,0.07677160005550832,85548,9853,2016-11-20,2016-11-21,2017-01-11
Decision Tree,1,0.7141295347031865,0.5325307487506412,0.7337394177162916,0.6298295454545455,0.634697967363298,0.6322543847141023,4.775021600071341,0.0869797000195831,47392,9686,2016-02-23,2016-02-24,2016-04-16
Decision Tree,2,0.7325126761467535,0.5430094484076153,0.7603177878662815,0.6539284622439621,0.6423423423423423,0.6480836236933798,7.94214160006959,0.0849558999761939,57078,9692,2016-04-16,2016-04-17,2016-07-05
Decision Tree,3,0.6601739716893572,0.4828685875430907,0.6922014449638759,0.582808564231738,0.5407537248028046,0.5609940900136384,10.803423100034706,0.07999280001968145,66770,9412,2016-07-05,2016-07-06,2016-09-19
Decision Tree,4,0.645052210259919,0.4177795654027544,0.6852445013879992,0.5047649301143583,0.5335795836131632,0.5187724453150506,14.082039000000805,0.07414430007338524,76182,9366,2016-09-19,2016-09-20,2016-11-20
Decision Tree,5,0.7536202091982923,0.6365243872202604,0.7517507358165025,0.6992399565689468,0.7521607101144593,0.7247355390501913,17.47032089997083,0.07021600008010864,85548,9853,2016-11-20,2016-11-21,2017-01-11
Random Forest,1,0.86255769133247,0.8177685190612131,0.8022919677885608,0.8488063660477454,0.5496707701116519,0.6672458731537794,38.717636499903165,0.24842890002764761,47392,9686,2016-02-23,2016-02-24,2016-04-16
Random Forest,2,0.8987448467014642,0.8362446215348678,0.8205736690053652,0.8469254252071522,0.5831831831831832,0.6907344833718656,53.842722499975935,0.2922776999184862,57078,9692,2016-04-16,2016-04-17,2016-07-05
Random Forest,3,0.8365176452866872,0.7521222292912647,0.7378878028049298,0.8370944992947814,0.34677183756938357,0.49039454658128484,75.27627640007995,0.22068249993026257,66770,9412,2016-07-05,2016-07-06,2016-09-19
Random Forest,4,0.8524755533482231,0.7277140946416436,0.7653213751868461,0.75390625,0.3888515782404298,0.513070447496677,99.59718480007723,0.29489359993021935,76182,9366,2016-09-19,2016-09-20,2016-11-20
Random Forest,5,0.912158902430865,0.9015598524419787,0.8216786765452146,0.8379753615425817,0.7309039943938332,0.7807860262008733,125.65436909999698,0.27537809999193996,85548,9853,2016-11-20,2016-11-21,2017-01-11
XGBoost,1,0.8704131522023077,0.8247987233416854,0.8046665290109436,0.7851799073744211,0.6309762381906671,0.6996825396825397,1.3995358999818563,0.13040689995978028,47392,9686,2016-02-23,2016-02-24,2016-04-16
XGBoost,2,0.8982614019237722,0.8381964989739791,0.8291374329343789,0.7936842105263158,0.6792792792792792,0.7320388349514563,1.3173993000527844,0.12069030001293868,57078,9692,2016-04-16,2016-04-17,2016-07-05
XGBoost,3,0.8431596060300833,0.7478622178463625,0.7591372715682108,0.7288202692003167,0.5378323108384458,0.6189275508488822,1.419160999939777,0.11463329999241978,66770,9412,2016-07-05,2016-07-06,2016-09-19
XGBoost,4,0.8443573946364342,0.713651076912143,0.7753576767029682,0.7015682656826568,0.5107454667562122,0.5911387485425573,1.6274610999971628,0.11233960010576993,76182,9366,2016-09-19,2016-09-20,2016-11-20
XGBoost,5,0.9151942765182406,0.906386208007332,0.8206637572313001,0.7903002309468822,0.7993459472085961,0.7947973522238997,1.6979254999896511,0.11878250003792346,85548,9853,2016-11-20,2016-11-21,2017-01-11
