Model,mean_fit_time,std_fit_time,mean_score_time,std_score_time,param_classifier__n_estimators,param_classifier__min_samples_split,param_classifier__min_samples_leaf,param_classifier__max_features,param_classifier__max_depth,param_classifier__class_weight,params,split0_test_score,split1_test_score,split2_test_score,split3_test_score,split4_test_score,mean_test_score,std_test_score,rank_test_score,param_classifier__subsample,param_classifier__scale_pos_weight,param_classifier__reg_lambda,param_classifier__reg_alpha,param_classifier__min_child_weight,param_classifier__learning_rate,param_classifier__colsample_bytree
Random Forest,72.61487121582032,28.638952861530946,0.22308778762817383,0.057995022680458766,200,30.0,1.0,0.5,40,balanced_subsample,"{'classifier__n_estimators': 200, 'classifier__min_samples_split': 30, 'classifier__min_samples_leaf': 1, 'classifier__max_features': 0.5, 'classifier__max_depth': 40, 'classifier__class_weight': 'balanced_subsample'}",0.8463920528653903,0.9054847994803984,0.8516225603400762,0.8267902733172044,0.912864703938151,0.8686308779882441,0.034203296036553574,4,,,,,,,
Random Forest,22.456096124649047,6.809943361485747,0.2346825122833252,0.029889777789356715,200,10.0,10.0,0.5,10,,"{'classifier__n_estimators': 200, 'classifier__min_samples_split': 10, 'classifier__min_samples_leaf': 10, 'classifier__max_features': 0.5, 'classifier__max_depth': 10, 'classifier__class_weight': None}",0.8463373888558181,0.8943893358935797,0.8458071709713011,0.8462258503498625,0.9075965136189172,0.8680712519378957,0.0272035274563858,5,,,,,,,
Random Forest,111.68993239402771,42.44887780558624,0.24608449935913085,0.024298660386846905,200,20.0,1.0,0.75,,balanced_subsample,"{'classifier__n_estimators': 200, 'classifier__min_samples_split': 20, 'classifier__min_samples_leaf': 1, 'classifier__max_features': 0.75, 'classifier__max_depth': None, 'classifier__class_weight': 'balanced_subsample'}",0.8422303766491253,0.9002326359682538,0.8498827361312471,0.8178751777278839,0.9107978994649558,0.8642037651882932,0.03550592224374281,9,,,,,,,
Random Forest,8.21027660369873,1.7847003696366692,0.3028064250946045,0.01992167200545499,300,2.0,10.0,log2,,balanced_subsample,"{'classifier__n_estimators': 300, 'classifier__min_samples_split': 2, 'classifier__min_samples_leaf': 10, 'classifier__max_features': 'log2', 'classifier__max_depth': None, 'classifier__class_weight': 'balanced_subsample'}",0.8495918274231562,0.8723556391978272,0.8390393586996356,0.8430856493854116,0.9064777578619563,0.8621100465135972,0.024997424312272372,11,,,,,,,
Random Forest,11.645016288757324,3.227123890097216,0.29532756805419924,0.02880426562909376,300,20.0,4.0,log2,,balanced_subsample,"{'classifier__n_estimators': 300, 'classifier__min_samples_split': 20, 'classifier__min_samples_leaf': 4, 'classifier__max_features': 'log2', 'classifier__max_depth': None, 'classifier__class_weight': 'balanced_subsample'}",0.8538979645526665,0.8814247365882073,0.8383901257866512,0.8471470285327636,0.9079506091541566,0.8657620929228891,0.025540916418654917,7,,,,,,,
Random Forest,106.53897275924683,37.86134872197011,0.3508910655975342,0.018546848399034182,400,30.0,1.0,0.5,20,balanced,"{'classifier__n_estimators': 400, 'classifier__min_samples_split': 30, 'classifier__min_samples_leaf': 1, 'classifier__max_features': 0.5, 'classifier__max_depth': 20, 'classifier__class_weight': 'balanced'}",0.8459907057777755,0.9067868009474422,0.8531204374247909,0.8311087297245129,0.9129752107552814,0.8699963769259605,0.033388723075897936,1,,,,,,,
Random Forest,8.497400903701783,1.7617080175286957,0.34497666358947754,0.01878790514545196,400,20.0,6.0,sqrt,10,balanced,"{'classifier__n_estimators': 400, 'classifier__min_samples_split': 20, 'classifier__min_samples_leaf': 6, 'classifier__max_features': 'sqrt', 'classifier__max_depth': 10, 'classifier__class_weight': 'balanced'}",0.8550110301107855,0.8769541468535496,0.8359066556288047,0.8432566750198598,0.9090035261568294,0.8640264067539658,0.026432733152392574,10,,,,,,,
Random Forest,9.543790912628173,1.5304023827719109,0.5784420490264892,0.02900066679818136,800,5.0,10.0,log2,10,balanced_subsample,"{'classifier__n_estimators': 800, 'classifier__min_samples_split': 5, 'classifier__min_samples_leaf': 10, 'classifier__max_features': 'log2', 'classifier__max_depth': 10, 'classifier__class_weight': 'balanced_subsample'}",0.8397994115147783,0.8451550733380346,0.8279440099233442,0.8225292197046763,0.8993776110170096,0.8469610650995685,0.027424837761423338,12,,,,,,,
Random Forest,1425.4316483020782,2722.8614323996235,0.3327157020568848,0.12881593174699132,200,20.0,1.0,0.5,20,balanced_subsample,"{'classifier__n_estimators': 200, 'classifier__min_samples_split': 20, 'classifier__min_samples_leaf': 1, 'classifier__max_features': 0.5, 'classifier__max_depth': 20, 'classifier__class_weight': 'balanced_subsample'}",0.8460327727957125,0.9060641826988888,0.8520943328422685,0.8278550636203794,0.9127038695664058,0.8689500443047311,0.03402931169900725,3,,,,,,,
Random Forest,132.89861297607422,47.248081105644786,0.31014485359191896,0.0393980413413827,300,20.0,6.0,0.75,,,"{'classifier__n_estimators': 300, 'classifier__min_samples_split': 20, 'classifier__min_samples_leaf': 6, 'classifier__max_features': 0.75, 'classifier__max_depth': None, 'classifier__class_weight': None}",0.8429883688393605,0.9002674947817983,0.848925581601131,0.8348989963131845,0.9111864969389275,0.8676533876948802,0.03159352975703929,6,,,,,,,
Random Forest,281.0578819751739,118.35134622575326,0.6612610816955566,0.08355013281207108,800,5.0,6.0,0.5,,balanced_subsample,"{'classifier__n_estimators': 800, 'classifier__min_samples_split': 5, 'classifier__min_samples_leaf': 6, 'classifier__max_features': 0.5, 'classifier__max_depth': None, 'classifier__class_weight': 'balanced_subsample'}",0.8482976194367005,0.9053620501985795,0.850753672608566,0.8287012291767683,0.9122372968724559,0.8690703736586141,0.03339804104239708,2,,,,,,,
Random Forest,174.14105682373048,77.4105616159334,0.47634406089782716,0.22246343949244887,300,2.0,4.0,0.75,30,balanced,"{'classifier__n_estimators': 300, 'classifier__min_samples_split': 2, 'classifier__min_samples_leaf': 4, 'classifier__max_features': 0.75, 'classifier__max_depth': 30, 'classifier__class_weight': 'balanced'}",0.8462031211046115,0.8994565848463993,0.8485475148298709,0.8179245378233955,0.9102960911944513,0.8644855699597457,0.0348648103079989,8,,,,,,,
XGBoost,3.545403242111206,0.2745261281658705,0.16764459609985352,0.03507662266684445,300,,,,5,,"{'classifier__subsample': 0.9, 'classifier__scale_pos_weight': 1.0, 'classifier__reg_lambda': 5.0, 'classifier__reg_alpha': 0.1, 'classifier__n_estimators': 300, 'classifier__min_child_weight': 2, 'classifier__max_depth': 5, 'classifier__learning_rate': 0.1, 'classifier__colsample_bytree': 0.7}",0.8680863376079742,0.903636597930845,0.8506650155726634,0.8492832851051733,0.9174808788830193,0.877830423019935,0.02787817411201522,5,0.9,1.0,5.0,0.1,2.0,0.1,0.7
XGBoost,4.431017446517944,0.6764043901331721,0.16770830154418945,0.010149659661486305,400,,,,6,,"{'classifier__subsample': 1.0, 'classifier__scale_pos_weight': 1.5, 'classifier__reg_lambda': 10.0, 'classifier__reg_alpha': 0.0, 'classifier__n_estimators': 400, 'classifier__min_child_weight': 10, 'classifier__max_depth': 6, 'classifier__learning_rate': 0.03, 'classifier__colsample_bytree': 1.0}",0.8676660372485415,0.9012272568072631,0.8535610153330576,0.8469318731856617,0.9164132472017376,0.8771598859552523,0.02713240616968139,7,1.0,1.5,10.0,0.0,10.0,0.03,1.0
XGBoost,8.82280855178833,1.114933970550621,0.20708026885986328,0.022158645507455207,800,,,,6,,"{'classifier__subsample': 0.7, 'classifier__scale_pos_weight': 1.5, 'classifier__reg_lambda': 10.0, 'classifier__reg_alpha': 0.5, 'classifier__n_estimators': 800, 'classifier__min_child_weight': 10, 'classifier__max_depth': 6, 'classifier__learning_rate': 0.1, 'classifier__colsample_bytree': 0.7}",0.8649441393917913,0.9061067118674788,0.8392635256369075,0.8506303058160176,0.9137135019375584,0.8749316369299507,0.029794084362589388,17,0.7,1.5,10.0,0.5,10.0,0.1,0.7
XGBoost,5.392216205596924,1.158539753586567,0.1429168701171875,0.023725830338909962,800,,,,3,,"{'classifier__subsample': 0.9, 'classifier__scale_pos_weight': 1.5, 'classifier__reg_lambda': 1.0, 'classifier__reg_alpha': 0.1, 'classifier__n_estimators': 800, 'classifier__min_child_weight': 10, 'classifier__max_depth': 3, 'classifier__learning_rate': 0.15, 'classifier__colsample_bytree': 0.8}",0.8682554840020749,0.9044330403965739,0.8377353076023544,0.8417309013752701,0.9177202544239199,0.8739749975600386,0.032332799364919174,20,0.9,1.5,1.0,0.1,10.0,0.15,0.8
XGBoost,7.443731641769409,3.1714175433477,0.17529711723327637,0.021963717912028724,600,,,,4,,"{'classifier__subsample': 0.9, 'classifier__scale_pos_weight': 1.0, 'classifier__reg_lambda': 5.0, 'classifier__reg_alpha': 1.0, 'classifier__n_estimators': 600, 'classifier__min_child_weight': 1, 'classifier__max_depth': 4, 'classifier__learning_rate': 0.05, 'classifier__colsample_bytree': 0.8}",0.8789859481829567,0.9041059292552533,0.8536676232846205,0.8473245987166165,0.9179408069144066,0.8804049812707706,0.02750230833594023,1,0.9,1.0,5.0,1.0,1.0,0.05,0.8
XGBoost,7.38701810836792,2.032402040531878,0.24088640213012696,0.05698607009369521,400,,,,9,,"{'classifier__subsample': 1.0, 'classifier__scale_pos_weight': 1.5, 'classifier__reg_lambda': 0.5, 'classifier__reg_alpha': 0.01, 'classifier__n_estimators': 400, 'classifier__min_child_weight': 2, 'classifier__max_depth': 9, 'classifier__learning_rate': 0.2, 'classifier__colsample_bytree': 0.9}",0.8530670716071713,0.9054084499463311,0.8280940561640249,0.8285514667570533,0.9058770132908344,0.864199611553083,0.035024302934759804,29,1.0,1.5,0.5,0.01,2.0,0.2,0.9
XGBoost,4.030148220062256,0.42323480983711353,0.13724827766418457,0.006246432714261355,400,,,,3,,"{'classifier__subsample': 0.7, 'classifier__scale_pos_weight': 1.0, 'classifier__reg_lambda': 10.0, 'classifier__reg_alpha': 0.1, 'classifier__n_estimators': 400, 'classifier__min_child_weight': 2, 'classifier__max_depth': 3, 'classifier__learning_rate': 0.1, 'classifier__colsample_bytree': 0.7}",0.8683538561055586,0.90149763092234,0.8469097132843654,0.8483426309740436,0.9155217305199874,0.876125112361259,0.02786272226298766,12,0.7,1.0,10.0,0.1,2.0,0.1,0.7
XGBoost,2.4890708923339844,0.5227002232855197,0.14725713729858397,0.03225598369154367,200,,,,5,,"{'classifier__subsample': 0.7, 'classifier__scale_pos_weight': 1.0, 'classifier__reg_lambda': 0.5, 'classifier__reg_alpha': 0.5, 'classifier__n_estimators': 200, 'classifier__min_child_weight': 1, 'classifier__max_depth': 5, 'classifier__learning_rate': 0.08, 'classifier__colsample_bytree': 1.0}",0.875870307661065,0.9017241778087424,0.8518605319217278,0.8484017947519968,0.9181381345275448,0.8791989893342154,0.027315122967728863,3,0.7,1.0,0.5,0.5,1.0,0.08,1.0
XGBoost,3.4709729671478273,0.41273485846978336,0.13879551887512206,0.037801335693386034,400,,,,6,,"{'classifier__subsample': 0.9, 'classifier__scale_pos_weight': 2.0, 'classifier__reg_lambda': 5.0, 'classifier__reg_alpha': 1.0, 'classifier__n_estimators': 400, 'classifier__min_child_weight': 1, 'classifier__max_depth': 6, 'classifier__learning_rate': 0.05, 'classifier__colsample_bytree': 0.7}",0.8655159041295435,0.9065893542080277,0.8531057303566617,0.8536552280909513,0.917636053762992,0.8793004541096352,0.02737939830441901,2,0.9,2.0,5.0,1.0,1.0,0.05,0.7
XGBoost,6.152508211135864,1.424403368719299,0.23895611763000488,0.09557520286287598,400,,,,8,,"{'classifier__subsample': 0.8, 'classifier__scale_pos_weight': 2.0, 'classifier__reg_lambda': 10.0, 'classifier__reg_alpha': 0.5, 'classifier__n_estimators': 400, 'classifier__min_child_weight': 10, 'classifier__max_depth': 8, 'classifier__learning_rate': 0.1, 'classifier__colsample_bytree': 0.7}",0.8622245297959069,0.9055078577477195,0.8402747036428213,0.8527581780058563,0.915316500579448,0.8752163539543505,0.029731037821807152,16,0.8,2.0,10.0,0.5,10.0,0.1,0.7
XGBoost,5.895859050750732,0.6890804940261275,0.17998971939086914,0.013913898323120955,600,,,,5,,"{'classifier__subsample': 0.9, 'classifier__scale_pos_weight': 1.5, 'classifier__reg_lambda': 2.0, 'classifier__reg_alpha': 0.0, 'classifier__n_estimators': 600, 'classifier__min_child_weight': 10, 'classifier__max_depth': 5, 'classifier__learning_rate': 0.08, 'classifier__colsample_bytree': 0.9}",0.8752427925676732,0.9043465187916618,0.8437131576358194,0.8417543723898024,0.9196789626042583,0.8769471607978432,0.03137727807591576,8,0.9,1.5,2.0,0.0,10.0,0.08,0.9
XGBoost,3.332694673538208,0.36780172082810225,0.14628887176513672,0.008628162127009016,300,,,,5,,"{'classifier__subsample': 0.9, 'classifier__scale_pos_weight': 1.5, 'classifier__reg_lambda': 1.0, 'classifier__reg_alpha': 0.5, 'classifier__n_estimators': 300, 'classifier__min_child_weight': 5, 'classifier__max_depth': 5, 'classifier__learning_rate': 0.08, 'classifier__colsample_bytree': 0.7}",0.8636327116644767,0.9040723212996082,0.852338255542699,0.8477176659308736,0.9181854646476284,0.8771892838170572,0.028542302158835832,6,0.9,1.5,1.0,0.5,5.0,0.08,0.7
XGBoost,9.302463150024414,0.9844014222338964,0.22771067619323732,0.018459984301089204,800,,,,9,,"{'classifier__subsample': 1.0, 'classifier__scale_pos_weight': 1.0, 'classifier__reg_lambda': 0.5, 'classifier__reg_alpha': 0.0, 'classifier__n_estimators': 800, 'classifier__min_child_weight': 1, 'classifier__max_depth': 9, 'classifier__learning_rate': 0.15, 'classifier__colsample_bytree': 0.7}",0.8612880994856313,0.899845011625898,0.8360248975297834,0.831362731834749,0.9089695901672745,0.8674980661286671,0.03194087851321631,26,1.0,1.0,0.5,0.0,1.0,0.15,0.7
XGBoost,2.8544771671295166,0.31788359862327703,0.1414785385131836,0.005330479305420989,400,,,,4,,"{'classifier__subsample': 1.0, 'classifier__scale_pos_weight': 1.5, 'classifier__reg_lambda': 10.0, 'classifier__reg_alpha': 0.5, 'classifier__n_estimators': 400, 'classifier__min_child_weight': 10, 'classifier__max_depth': 4, 'classifier__learning_rate': 0.2, 'classifier__colsample_bytree': 0.7}",0.8603183391534517,0.9016379630180321,0.8339514936015474,0.8433291381632705,0.9153272116916548,0.8709128291255913,0.03211203755612089,23,1.0,1.5,10.0,0.5,10.0,0.2,0.7
XGBoost,3.863601303100586,0.4754935160893121,0.17255945205688478,0.012764118777940127,400,,,,8,,"{'classifier__subsample': 1.0, 'classifier__scale_pos_weight': 1.5, 'classifier__reg_lambda': 0.5, 'classifier__reg_alpha': 0.01, 'classifier__n_estimators': 400, 'classifier__min_child_weight': 2, 'classifier__max_depth': 8, 'classifier__learning_rate': 0.05, 'classifier__colsample_bytree': 0.8}",0.8617013501524975,0.9088965734045897,0.8494377680533896,0.8466186284474795,0.9180122003550639,0.8769333040826041,0.030384610531118694,10,1.0,1.5,0.5,0.01,2.0,0.05,0.8
XGBoost,2.465625047683716,0.31462310066026167,0.12220487594604493,0.00465411715593102,300,,,,3,,"{'classifier__subsample': 0.9, 'classifier__scale_pos_weight': 1.0, 'classifier__reg_lambda': 10.0, 'classifier__reg_alpha': 1.0, 'classifier__n_estimators': 300, 'classifier__min_child_weight': 10, 'classifier__max_depth': 3, 'classifier__learning_rate': 0.05, 'classifier__colsample_bytree': 0.7}",0.8707518841516855,0.8971495072563919,0.8463187964574453,0.8455320492629523,0.911326118697066,0.8742156711651082,0.026518407788701386,18,0.9,1.0,10.0,1.0,10.0,0.05,0.7
XGBoost,3.155807304382324,0.37805322151475873,0.13617711067199706,0.010648867433499652,400,,,,3,,"{'classifier__subsample': 0.8, 'classifier__scale_pos_weight': 1.0, 'classifier__reg_lambda': 2.0, 'classifier__reg_alpha': 1.0, 'classifier__n_estimators': 400, 'classifier__min_child_weight': 10, 'classifier__max_depth': 3, 'classifier__learning_rate': 0.1, 'classifier__colsample_bytree': 0.8}",0.8716760179490257,0.9037132070769293,0.8476462374027133,0.8453801841767619,0.9162885078108532,0.8769408308832567,0.028799186410761558,9,0.8,1.0,2.0,1.0,10.0,0.1,0.8
XGBoost,3.4935917377471926,0.4737695572918581,0.15529251098632812,0.011053924201633817,300,,,,8,,"{'classifier__subsample': 0.7, 'classifier__scale_pos_weight': 2.0, 'classifier__reg_lambda': 1.0, 'classifier__reg_alpha': 0.0, 'classifier__n_estimators': 300, 'classifier__min_child_weight': 10, 'classifier__max_depth': 8, 'classifier__learning_rate': 0.05, 'classifier__colsample_bytree': 0.7}",0.8615703876669858,0.9101783251343137,0.8497629576709117,0.8521525049275988,0.9187765671216562,0.8784881485042932,0.02977360345101341,4,0.7,2.0,1.0,0.0,10.0,0.05,0.7
XGBoost,12.644395875930787,2.6069785370994785,0.24771404266357422,0.01931633096943462,800,,,,9,,"{'classifier__subsample': 0.8, 'classifier__scale_pos_weight': 1.0, 'classifier__reg_lambda': 0.5, 'classifier__reg_alpha': 0.0, 'classifier__n_estimators': 800, 'classifier__min_child_weight': 1, 'classifier__max_depth': 9, 'classifier__learning_rate': 0.1, 'classifier__colsample_bytree': 1.0}",0.8516270621101952,0.9019490962197658,0.8294696914154673,0.8418988781433288,0.908650122337251,0.8667189700452015,0.03234407126008243,27,0.8,1.0,0.5,0.0,1.0,0.1,1.0
XGBoost,4.650606250762939,0.5477925289558293,0.18319296836853027,0.006950429947007274,400,,,,9,,"{'classifier__subsample': 1.0, 'classifier__scale_pos_weight': 1.0, 'classifier__reg_lambda': 5.0, 'classifier__reg_alpha': 1.0, 'classifier__n_estimators': 400, 'classifier__min_child_weight': 5, 'classifier__max_depth': 9, 'classifier__learning_rate': 0.08, 'classifier__colsample_bytree': 0.8}",0.8574392215955984,0.9089093179945112,0.8407624514843578,0.8449303186843363,0.9163622279314615,0.873680707538053,0.03236278567818702,22,1.0,1.0,5.0,1.0,5.0,0.08,0.8
XGBoost,6.864796113967896,1.172200285512645,0.21595211029052735,0.022317807212040013,800,,,,9,,"{'classifier__subsample': 1.0, 'classifier__scale_pos_weight': 1.5, 'classifier__reg_lambda': 10.0, 'classifier__reg_alpha': 0.01, 'classifier__n_estimators': 800, 'classifier__min_child_weight': 5, 'classifier__max_depth': 9, 'classifier__learning_rate': 0.05, 'classifier__colsample_bytree': 1.0}",0.8625412343452331,0.9076071041176353,0.8442770993095873,0.8462204885503503,0.9162122094773262,0.8753716271600265,0.030621419506498587,15,1.0,1.5,10.0,0.01,5.0,0.05,1.0
XGBoost,1.732658576965332,0.18090221974061485,0.11653871536254883,0.0038518926990471947,200,,,,3,,"{'classifier__subsample': 0.8, 'classifier__scale_pos_weight': 2.0, 'classifier__reg_lambda': 0.5, 'classifier__reg_alpha': 0.01, 'classifier__n_estimators': 200, 'classifier__min_child_weight': 5, 'classifier__max_depth': 3, 'classifier__learning_rate': 0.1, 'classifier__colsample_bytree': 0.8}",0.867584353269756,0.8971858293376683,0.8524815214103448,0.8469282986526534,0.9143411605362213,0.8757042326413288,0.02602903120988744,14,0.8,2.0,0.5,0.01,5.0,0.1,0.8
XGBoost,6.3709007740020756,0.8239045459011407,0.19112353324890136,0.009160024792607243,800,,,,6,,"{'classifier__subsample': 0.8, 'classifier__scale_pos_weight': 2.0, 'classifier__reg_lambda': 10.0, 'classifier__reg_alpha': 1.0, 'classifier__n_estimators': 800, 'classifier__min_child_weight': 2, 'classifier__max_depth': 6, 'classifier__learning_rate': 0.1, 'classifier__colsample_bytree': 1.0}",0.8697944665599335,0.9021014884736985,0.8337597895294163,0.8482084545695779,0.9155507406555923,0.8738829879576437,0.03104272575112351,21,0.8,2.0,10.0,1.0,2.0,0.1,1.0
XGBoost,4.893197917938233,0.7507248630749283,0.17240195274353026,0.010957948313955601,600,,,,6,,"{'classifier__subsample': 0.8, 'classifier__scale_pos_weight': 2.0, 'classifier__reg_lambda': 1.0, 'classifier__reg_alpha': 0.1, 'classifier__n_estimators': 600, 'classifier__min_child_weight': 1, 'classifier__max_depth': 6, 'classifier__learning_rate': 0.2, 'classifier__colsample_bytree': 0.7}",0.8468566622761335,0.8976347693182022,0.8301543871428128,0.8373671587887465,0.9081620645356459,0.8640350084123082,0.0323428733793754,30,0.8,2.0,1.0,0.1,1.0,0.2,0.7
XGBoost,8.171492290496825,0.5295277278722427,0.2947169303894043,0.10775186341765437,800,,,,9,,"{'classifier__subsample': 1.0, 'classifier__scale_pos_weight': 1.5, 'classifier__reg_lambda': 5.0, 'classifier__reg_alpha': 0.0, 'classifier__n_estimators': 800, 'classifier__min_child_weight': 10, 'classifier__max_depth': 9, 'classifier__learning_rate': 0.1, 'classifier__colsample_bytree': 1.0}",0.8529881150504279,0.9031999305183839,0.8339443229912158,0.8424946686891515,0.9114578381278031,0.8688169750753965,0.032124599027580934,24,1.0,1.5,5.0,0.0,10.0,0.1,1.0
XGBoost,7.675871181488037,0.9679384112876576,0.2282693862915039,0.008576623631074106,800,,,,9,,"{'classifier__subsample': 1.0, 'classifier__scale_pos_weight': 2.0, 'classifier__reg_lambda': 2.0, 'classifier__reg_alpha': 0.1, 'classifier__n_estimators': 800, 'classifier__min_child_weight': 1, 'classifier__max_depth': 9, 'classifier__learning_rate': 0.08, 'classifier__colsample_bytree': 0.7}",0.8553693625168725,0.9037482546992136,0.8366603989678808,0.8334625597104712,0.9140081308870245,0.8686497413562926,0.03384409366622897,25,1.0,2.0,2.0,0.1,1.0,0.08,0.7
XGBoost,2.1635225772857667,0.25275496937170294,0.13742671012878419,0.0034116555827237985,200,,,,6,,"{'classifier__subsample': 0.7, 'classifier__scale_pos_weight': 2.0, 'classifier__reg_lambda': 10.0, 'classifier__reg_alpha': 1.0, 'classifier__n_estimators': 200, 'classifier__min_child_weight': 2, 'classifier__max_depth': 6, 'classifier__learning_rate': 0.03, 'classifier__colsample_bytree': 0.8}",0.8557107756608001,0.9005178079682952,0.8501113176279407,0.8502854159473794,0.9134209690961566,0.8740092572601144,0.02729378275223393,19,0.7,2.0,10.0,1.0,2.0,0.03,0.8
XGBoost,7.021569108963012,0.9435637970536264,0.2098094940185547,0.022489342375565022,600,,,,9,,"{'classifier__subsample': 0.7, 'classifier__scale_pos_weight': 1.0, 'classifier__reg_lambda': 5.0, 'classifier__reg_alpha': 1.0, 'classifier__n_estimators': 600, 'classifier__min_child_weight': 5, 'classifier__max_depth': 9, 'classifier__learning_rate': 0.2, 'classifier__colsample_bytree': 0.7}",0.857328113818003,0.8975550684290075,0.8244308010981474,0.8413129438466096,0.9059115361906471,0.8653076926764829,0.031619320885565044,28,0.7,1.0,5.0,1.0,5.0,0.2,0.7
XGBoost,1.736241340637207,0.23115903969006152,0.12188467979431153,0.003927934820538157,200,,,,3,,"{'classifier__subsample': 1.0, 'classifier__scale_pos_weight': 1.0, 'classifier__reg_lambda': 5.0, 'classifier__reg_alpha': 1.0, 'classifier__n_estimators': 200, 'classifier__min_child_weight': 10, 'classifier__max_depth': 3, 'classifier__learning_rate': 0.2, 'classifier__colsample_bytree': 0.7}",0.8719871058580448,0.8983371378294358,0.850253876190486,0.8430189948581394,0.9155812390279223,0.8758356707528057,0.02768465314814732,13,1.0,1.0,5.0,1.0,10.0,0.2,0.7
XGBoost,6.95196943283081,2.548508727533163,0.17760000228881836,0.021257093985162887,600,,,,6,,"{'classifier__subsample': 0.8, 'classifier__scale_pos_weight': 1.0, 'classifier__reg_lambda': 10.0, 'classifier__reg_alpha': 0.0, 'classifier__n_estimators': 600, 'classifier__min_child_weight': 10, 'classifier__max_depth': 6, 'classifier__learning_rate': 0.1, 'classifier__colsample_bytree': 0.8}",0.86676222043404,0.9066919953590811,0.8407547199079117,0.8508897748590898,0.9168636169803535,0.8763924655080952,0.030229632391644737,11,0.8,1.0,10.0,0.0,10.0,0.1,0.8
