Threshold,Accuracy,Precision,Recall,F1
0.1,0.649149117873732,0.5099509228314214,0.967552127963439,0.6678891123467013
0.11,0.6598971026265908,0.5181015656239427,0.9622393601828049,0.6735444657709533
0.12,0.6697702514111937,0.525941987995349,0.9560696943730362,0.6785873575801808
0.13,0.6788310525109875,0.5335003533114923,0.9488717509283062,0.6829910154402845
0.14,0.6876419004769939,0.5411919225086192,0.9415595544130249,0.6873227689741451
0.15,0.6959528421754254,0.5487265415549598,0.9353898886032562,0.6916886682859859
0.16,0.704367931012935,0.5566308734012722,0.9298486146815196,0.6963869339208933
0.17,0.7117623778874794,0.564061353551588,0.9222507854898601,0.6999956640506438
0.18,0.7199900018746485,0.5725305335333191,0.9158526135389888,0.7045948974882985
0.19,0.7268637130538024,0.5800233219153123,0.9092830619822908,0.7082563908603466
0.2,0.7340290362223749,0.5883911907428144,0.9004855755498429,0.7117281860255108
0.21,0.7415692890916287,0.5974016048910967,0.893116252499286,0.7159244419004007
0.22,0.7492970068112229,0.6071638515499471,0.8850614110254214,0.7202361582446191
0.23,0.7546293403320211,0.6146697111725353,0.8765495572693516,0.7226146745785061
0.24,0.7595867441521381,0.6221175506860537,0.8676949443016281,0.7246660305343512
0.25,0.7628986231748214,0.6283438155136268,0.856098257640674,0.7247491234433563
0.26,0.7688558395300881,0.6372868283486159,0.8496429591545273,0.7283010552603874
0.27,0.7718136182799058,0.6435773783428321,0.8386175378463296,0.7282649138037951
0.28,0.775292132725114,0.6501542450932177,0.830734075978292,0.7294341894060995
0.29,0.780582807390281,0.6592206842994838,0.8243930305626964,0.7326124479642603
0.3,0.7844779103918016,0.6670868347338935,0.8162810625535561,0.7341811175337187
0.31,0.7873523714303569,0.6737308315077627,0.8081690945444159,0.7348518297275537
0.32,0.7897477556291529,0.679887373173455,0.8000571265352756,0.7350934285114423
0.33,0.7920598221166865,0.6858385215930428,0.7929163096258212,0.7355006226320112
0.34,0.7926638755233394,0.6897331524197196,0.7840616966580977,0.733878729547642
0.35,0.7933304172134391,0.6941869398207426,0.774293059125964,0.7320550904671888
0.36,0.7938719823366452,0.698450785039904,0.7649243073407598,0.7301777729305268
0.37,0.7955799954175259,0.7037998834066458,0.7586403884604399,0.7301918953098367
0.38,0.7973921556374847,0.7093561584840654,0.7527563553270494,0.7304121282669549
0.39,0.7984336270282655,0.7145362859022144,0.7447015138531848,0.7293071134856919
0.4,0.800370763815118,0.7205792258423838,0.7391031133961725,0.7297236322617033
0.41,0.801516382344977,0.726077097505669,0.7316766638103399,0.7288661260492246
0.42,0.8030785894311483,0.7320841741135774,0.72539274493002,0.7287230989956959
0.43,0.8023079006019704,0.7368203309692671,0.7121965152813482,0.7242992011619462
0.44,0.8032452248536732,0.7424926280315339,0.7048271922307912,0.7231698024734775
0.45,0.8033077131371201,0.7464237681868199,0.6975149957155099,0.7211410684227623
0.46,0.804619967089504,0.7548459946051064,0.6874035989717223,0.7195479280033487
0.47,0.806036368180966,0.7635930763786114,0.6779205941159668,0.7182109786358409
0.48,0.8062446624591223,0.7681595292579274,0.6711796629534419,0.7164024390243903
0.49,0.8048074319398446,0.7711333333333333,0.6607826335332762,0.7117058914013229
0.5,0.8052656793517882,0.7769251663724025,0.6535846900885461,0.7099376376780119
0.51,0.8048699202232915,0.7811096524562979,0.6458154812910597,0.7070485959096879
0.52,0.8052240204961569,0.7861855959567597,0.639817195087118,0.7054895908790274
0.53,0.8055989501968381,0.7917321148079395,0.6334761496715224,0.7038177144489226
0.54,0.8052448499239726,0.7954067956241396,0.6271922307912026,0.7013542864443593
0.55,0.8039742548272198,0.798539392151077,0.6183947443587546,0.6970155500466824
0.56,0.803099418858964,0.8030713640469738,0.6094258783204799,0.6929747637143135
0.57,0.8026411714470203,0.8076156910818265,0.6021708083404741,0.6899237490591353
0.58,0.8018496531900269,0.8113604488078542,0.5948586118251928,0.6864431919311776
0.59,0.8017038471953175,0.8169405413987457,0.5878891745215653,0.6837419440568733
0.6,0.8004749109541961,0.8218810916179338,0.578063410454156,0.6787403159271557
0.61,0.7991834864296278,0.8249586776859504,0.5702370751213939,0.6743455497382199
0.62,0.7972463496427753,0.828583509513742,0.5597257926306769,0.6681213774292534
0.63,0.7959340956903914,0.8333910034602076,0.5503570408454728,0.6629279201789093
0.64,0.7937886646253828,0.8359989396483167,0.5404741502427878,0.6565123863715218
0.65,0.7902684913245434,0.8384923525127458,0.5261353898886033,0.6465653410088105
0.66,0.7891645316503155,0.8443884690736077,0.5170522707797772,0.6413690476190477
0.67,0.7877064717032223,0.8500718046912398,0.5072265067123679,0.6353488372093024
0.68,0.7857276760607386,0.8547974832874558,0.49671522422165093,0.6283195433031037
0.69,0.7831031681559708,0.8595619549787061,0.4842616395315624,0.6195052435414916
0.7,0.780582807390281,0.8636411058946271,0.4728934590117109,0.6111480251015134
0.71,0.7787914765981379,0.8690106120698896,0.4631248214795773,0.6042334351941566
0.72,0.7763544335437106,0.873015873015873,0.4524421593830334,0.5960040636640704
0.73,0.7734799725051553,0.8785975331201462,0.43947443587546414,0.5858878184379879
0.74,0.7700639463433939,0.8827847501775988,0.4259354470151385,0.5746214018727602
0.75,0.7671686558770231,0.8892580287929125,0.412853470437018,0.5639044943820225
0.76,0.7647941011060426,0.896591344312524,0.4011996572407883,0.554345252190386
0.77,0.7610031452436001,0.9021202827043606,0.3864610111396744,0.5411134218525036
0.78,0.7573163365202358,0.9075466443887497,0.3723507569265924,0.528051201036983
0.79,0.753816992647212,0.9122679814385151,0.3593830334190231,0.5156346051391336
0.8,0.7504217959132663,0.9183457051961824,0.3463010568409026,0.5029453248153987
0.81,0.7476931408694203,0.9273937856689918,0.3341902313624679,0.49132826607315333
0.82,0.7436522318731904,0.9331666666666667,0.3198514710082834,0.4764092746224208
0.83,0.7410693828240538,0.9412173913043478,0.3091688089117395,0.4654482906901742
0.84,0.7380907746464205,0.9481912379567351,0.29797200799771495,0.45344692688863775
0.85,0.7353204607469432,0.9566044918157595,0.2871179662953442,0.4416714266883431
0.86,0.73234185256931,0.96318407960199,0.276492430734076,0.42964935641367064
0.87,0.730321398071195,0.9691230959242486,0.2689517280776921,0.42105263157894735
0.88,0.7279676727280302,0.9741839129507147,0.26083976006855186,0.41149963950973323
0.89,0.7247391114166094,0.9775155832591274,0.25084261639531563,0.39923625948993047
0.9,0.7215938678164511,0.9811671704254824,0.24107397886318194,0.38704943593506375
